Name: Tina | Email: tina123@gmail.com
Name: Dana | Email: dana123@gmail.com
Name: Caroline | Email: caroline123@gmail.com
Name: Laura | Email: laura123@gmail.com
Name: Alex | Email: alex123@gmail.com
Name: Joseph | Email: joseph123@gmail.com
Name: Max | Email: max123@gmail.com
Name: Steve | Email: steve123@gmail.com
Name: Tara | Email: tara123@gmail.com
Name: Sana | Email: sana123@gmail.com
Name: Angeline | Email: angeline123@gmail.com
Name: William | Email: william123@gmail.com
Name: Mike | Email: mike123@gmail.com
Name: Dominic | Email: dominic123@gmail.com
Name: Test User | Email: test_user@example.com
Name: tester842 | Email: test user
Name:  | Email: 
Name: Test User | Email: test_ef61d434@example.com
Name: Test User | Email: test_340cf170@example.com
Name: Alisa | Email: admin_test@example.com
Name: Francis | Email: francis123@gmail.com
